q_researcher,4a508dfaeff5eb077ecaa30b6d8916efcb21ef2c
pq_dev01,592885760c369d24723b079dbcaebdee02e12b15
net_sec_eng,dbd3e97f127c2b016c3569331562e26f6a742f41
crypto_int,d9b7cd1990ae57d87784b2f4166cd7095008be5e
sim_operator,012a85ad562a119e9ea6c5321cdbe7f289aed72b
edu_admin,f1fb94d3620212ade13e600ba3e07270da3f256c
research_lead,5364be57f0541df2e7aad9c820ad0758f086d94a
hybrid_dev,a6bdc8fb89e79057adc917b1d908a9e712541861
key_manager,bd04a249aba41a1e590fb15c59954331142f2df3
tutor_bot,6552ab192858017c114c58b54dd4f7b13136e829
user_33,5f602dfdf5f610eee9f54e57fa4485072530371b
